{"cameraMode":{"drawMode":0,"name":"Shaded","section":"Shading Mode"},"sceneLighting":true,"audioPlay":false,"sceneViewState":{"m_AlwaysRefresh":true,"showFog":true,"showSkybox":true,"showFlares":true,"showImageEffects":true,"showParticleSystems":true,"showVisualEffectGraphs":true,"m_FxEnabled":false},"in2DMode":false,"pivot":{"x":0.48217886686325076,"y":0.7733011245727539,"z":-4.782890319824219},"rotation":{"x":-0.22357623279094697,"y":0.6012572646141052,"z":-0.18028266727924348,"w":-0.7456600666046143},"size":6.778264999389648,"orthographic":false}